Review,Sentiment
Poor performance and bad experience. Really nice.,Negative
Poor performance and bad experience..,Negative
The quality was awful and cheap.,Negative
Fantastic value for money.!,Positive
Amazing quality and fast delivery.,Positive
High-quality material and smooth finish..,Positive
Works better than expected. Really nice.,Positive
Extremely buggy and slow. Never again.,Negative
Fantastic value for money.,Positive
The color and design are beautiful. Totally bad.,Positive
Amazing quality and fast delivery. Totally bad.,Positive
The color and design are beautiful..,Positive
"Very dissatisfied, total waste.!",Negative
I love this product! Really nice.,Positive
It stopped working in two days. Never again.,Negative
The color and design are beautiful.,Positive
This caused more problems than solutions. Really nice.,Negative
This caused more problems than solutions. Highly recommended.,Negative
It is very unique..,Positive
The design is very good. Totally bad.,Positive
It broke after one use. Highly recommended.,Negative
"Very dissatisfied, total waste. Really nice.",Negative
I would definitely recommend this. Highly recommended.,Positive
Amazing quality and fast delivery. Never again.,Positive
Didn't match the description at all. Totally bad.,Negative
The design is very good..,Positive
Super helpful and easy to use. Never again.,Positive
Not worth the money. Totally bad.,Negative
Works better than expected.!,Positive
This is the worst thing I bought.!,Negative
Works better than expected. Highly recommended.,Positive
It is very unique. Highly recommended.,Positive
"I want a refund, this is horrible..",Negative
"It works perfectly, I'm impressed. Really nice.",Positive
I am not happy with this item. Highly recommended.,Negative
Super helpful and easy to use.!,Positive
Bad customer service.,Negative
The quality was awful and cheap. Totally bad.,Negative
High-quality material and smooth finish.!,Positive
This is exactly what I needed! Really nice.,Positive
This is exactly what I needed! Highly recommended.,Positive
Super helpful and easy to use. Really nice.,Positive
I had a great experience. Totally bad.,Positive
"Terrible experience, will never buy again. Really nice.",Negative
The design is very good.,Positive
I had a great experience. Really nice.,Positive
It broke after one use.!,Negative
Fantastic value for money. Never again.,Positive
"I want a refund, this is horrible.",Negative
High-quality material and smooth finish. Never again.,Positive
Fantastic value for money..,Positive
I love this product! Never again.,Positive
Exceeded my expectations completely. Totally bad.,Positive
I had a great experience. Never again.,Positive
This is exactly what I needed! Totally bad.,Positive
Poor performance and bad experience. Highly recommended.,Negative
High-quality material and smooth finish.,Positive
It broke after one use.,Negative
I would definitely recommend this. Never again.,Positive
It stopped working in two days. Highly recommended.,Negative
Poor performance and bad experience. Totally bad.,Negative
I am not happy with this item. Really nice.,Negative
Completely useless and disappointing.,Negative
I would definitely recommend this.!,Positive
"Terrible experience, will never buy again. Totally bad.",Negative
Completely useless and disappointing. Highly recommended.,Negative
It met all my expectations. Really nice.,Positive
Didn't match the description at all. Never again.,Negative
The quality was awful and cheap. Really nice.,Negative
Not worth the money.!,Negative
Poor performance and bad experience.!,Negative
Exceeded my expectations completely. Never again.,Positive
Didn't match the description at all. Really nice.,Negative
This is exactly what I needed! Never again.,Positive
"Terrible experience, will never buy again.",Negative
Completely useless and disappointing..,Negative
It stopped working in two days..,Negative
I would definitely recommend this. Totally bad.,Positive
"Terrible experience, will never buy again..",Negative
"Very dissatisfied, total waste. Totally bad.",Negative
I am not happy with this item..,Negative
"Terrible experience, will never buy again. Highly recommended.",Negative
High-quality material and smooth finish. Really nice.,Positive
Super helpful and easy to use.,Positive
The color and design are beautiful.!,Positive
I am not happy with this item.!,Negative
It met all my expectations..,Positive
I had a great experience. Highly recommended.,Positive
"It works perfectly, I'm impressed..",Positive
The quality was awful and cheap. Highly recommended.,Negative
Not worth the money..,Negative
This caused more problems than solutions.,Negative
The quality was awful and cheap.!,Negative
Didn't match the description at all..,Negative
It is very unique.!,Positive
Bad customer service.!,Negative
"I want a refund, this is horrible.!",Negative
I had a great experience.,Positive
Extremely buggy and slow..,Negative
"I want a refund, this is horrible. Totally bad.",Negative
